{
  "LAZIO": [
    [
      0,
      15000.0,
      0.0173
    ],
    [
      15001.0,
      28000.0,
      0.0333
    ],
    [
      28001.0,
      50000.0,
      0.0333
    ],
    [
      50001.0,
      "inf",
      0.0333
    ]
  ],
  "BOLZANO": [
    [
      0,
      28000.0,
      0.0123
    ],
    [
      28001.0,
      50000.0,
      0.0123
    ],
    [
      50001.0,
      "inf",
      0.0173
    ]
  ],
  "TRENTO": [
    [
      0,
      15000.0,
      0.0123
    ],
    [
      15001.0,
      28000.0,
      0.0123
    ],
    [
      28001.0,
      50000.0,
      0.0123
    ],
    [
      50001.0,
      "inf",
      0.0173
    ]
  ],
  "SICILIA": [
    [
      0,
      "inf",
      0.0123
    ]
  ],
  "PUGLIA": [
    [
      0,
      15000.0,
      0.013300000000000001
    ],
    [
      15001.0,
      28000.0,
      0.0143
    ],
    [
      28001.0,
      50000.0,
      0.0163
    ],
    [
      50001.0,
      "inf",
      0.018500000000000003
    ]
  ],
  "SARDEGNA": [
    [
      0,
      "inf",
      0.0123
    ]
  ],
  "CALABRIA": [
    [
      0,
      "inf",
      0.0173
    ]
  ],
  "MOLISE": [
    [
      0,
      15000.0,
      0.0173
    ],
    [
      0,
      15000.0,
      0.0203
    ],
    [
      15001.0,
      28000.0,
      0.0223
    ],
    [
      28001.0,
      50000.0,
      0.0333
    ],
    [
      50001.0,
      "inf",
      0.0363
    ]
  ],
  "FRIULI VENEZIA GIULIA": [
    [
      0,
      15000.0,
      0.006999999999999999
    ],
    [
      15001.0,
      28000.0,
      0.0123
    ],
    [
      28001.0,
      50000.0,
      0.0123
    ],
    [
      50001.0,
      "inf",
      0.0123
    ]
  ],
  "LOMBARDIA": [
    [
      0,
      15000.0,
      0.0123
    ],
    [
      15001.0,
      28000.0,
      0.0158
    ],
    [
      28001.0,
      50000.0,
      0.0172
    ],
    [
      50001.0,
      "inf",
      0.0173
    ]
  ],
  "LIGURIA": [
    [
      0,
      28000.0,
      0.0123
    ],
    [
      28001.0,
      50000.0,
      0.0318
    ],
    [
      50001.0,
      "inf",
      0.0323
    ]
  ],
  "MARCHE": [
    [
      0,
      15000.0,
      0.0123
    ],
    [
      15001.0,
      28000.0,
      0.015300000000000001
    ],
    [
      28001.0,
      50000.0,
      0.017
    ],
    [
      50001.0,
      "inf",
      0.0173
    ]
  ],
  "UMBRIA": [
    [
      0,
      15000.0,
      0.0173
    ],
    [
      15001.0,
      28000.0,
      0.0302
    ],
    [
      28001.0,
      50000.0,
      0.031200000000000002
    ],
    [
      50001.0,
      "inf",
      0.0333
    ]
  ],
  "VALLE D'AOSTA": [
    [
      0,
      "inf",
      0.0123
    ]
  ],
  "PIEMONTE": [
    [
      0,
      15000.0,
      0.016200000000000003
    ],
    [
      15001.0,
      28000.0,
      0.0213
    ],
    [
      28001.0,
      50000.0,
      0.0275
    ],
    [
      50001.0,
      "inf",
      0.0333
    ]
  ],
  "ABRUZZO": [
    [
      0,
      28000.0,
      0.0167
    ],
    [
      28001.0,
      50000.0,
      0.0287
    ],
    [
      50001.0,
      "inf",
      0.0333
    ]
  ],
  "VENETO": [
    [
      0,
      "inf",
      0.0123
    ]
  ],
  "EMILIA-ROMAGNA": [
    [
      0,
      15000.0,
      0.013300000000000001
    ],
    [
      15001.0,
      28000.0,
      0.019299999999999998
    ],
    [
      28001.0,
      50000.0,
      0.029300000000000003
    ],
    [
      50001.0,
      "inf",
      0.0333
    ]
  ],
  "TOSCANA": [
    [
      0,
      15000.0,
      0.014199999999999999
    ],
    [
      15001.0,
      28000.0,
      0.0143
    ],
    [
      28001.0,
      50000.0,
      0.0332
    ],
    [
      50001.0,
      "inf",
      0.0333
    ]
  ],
  "BASILICATA": [
    [
      0,
      "inf",
      0.0123
    ]
  ],
  "CAMPANIA": [
    [
      0,
      15000.0,
      0.0173
    ],
    [
      15001.0,
      28000.0,
      0.0296
    ],
    [
      28001.0,
      50000.0,
      0.032
    ],
    [
      50001.0,
      "inf",
      0.0333
    ]
  ]
}